gameid,team,formation,players
22342,Arsenal,3-4-2-1,33;16 18 31;24 35 29 15;11 23;9
22342,Leicester City,4-4-1-1,1;2 5 15 28;26 22 25 11;20;9
22343,Brighton and Hove Albion,4-4-2,1;2 22 5 29;20 6 24 37;13 10
22343,Manchester City,3-1-4-2,31;4 5 30;25;2 17 21 3;10 33
22344,Chelsea,3-4-2-1,13;2 30 24;28 4 7 3;22 38;23
22344,Burnley,4-4-1-1,1;2 5 6 23;17 16 4 12;13;9
22345,Crystal Palace,3-4-2-1,13;24 6 44;2 4 42 3;8 11;17
22345,Huddersfield Town,4-2-3-1,1;2 25 26 15;10 8;9 45 22;24
22346,Everton,3-4-2-1,1;4 5 6;29 2 17 3;10 20;9
22346,Stoke City,3-4-2-1,1;6 17 20;18 4 24 3;22 27;9
22347,Manchester United,4-2-3-1,1;25 3 4 17;31 6;8 22 19;9
22347,West Ham United,4-2-3-1,25;5 2 21 26;16 14;20 31 27;17
22348,Newcastle United,4-2-3-1,1;19 20 2 3;8 14;11 17 30;9
22348,Tottenham Hotspur,4-2-3-1,1;37 4 5 33;15 19;17 20 23;10
22349,Southampton,4-2-3-1,44;2 5 3 21;14 8;16 11 22;20
22349,Swansea City,4-3-1-2,1;26 33 6 16;8 7 14;15;18 10
22350,Watford,4-3-3,1;2 4 3 25;8 16 14;7 33 37
22350,Liverpool,4-3-3,22;66 32 6 18;23 14 5;11 9 19
22351,West Bromwich Albion,4-1-4-1,1;2 25 26 11;5;10 8 28 14;19
22351,AFC Bournemouth,4-4-1-1,27;2 3 5 11;24 6 8 7;17;9
22352,AFC Bournemouth,4-4-1-1,27;15 3 5 11;24 6 8 33;17;9
22352,Watford,4-3-3,1;21 5 3 25;8 16 14;7 18 11
22353,Burnley,4-4-1-1,1;2 5 6 23;17 4 16 12;13;9
22353,West Bromwich Albion,4-1-4-1,1;2 25 26 11;18;10 28 8 14;19
22354,Huddersfield Town,4-2-3-1,1;2 25 26 15;10 8;9 22 17;24
22354,Newcastle United,4-2-3-1,1;19 6 2 18;14 23;30 17 11;9
22355,Leicester City,4-4-1-1,1;2 5 15 28;26 25 22 11;20;9
22355,Brighton and Hove Albion,4-4-1-1,1;2 22 5 29;20 6 24 15;13;17
22356,Liverpool,4-3-3,22;12 32 17 26;5 14 7;19 15 9
22356,Crystal Palace,3-5-2,13;24 6 5;2 8 42 4 3;10 17
22357,Manchester City,3-1-4-2,31;4 5 30;25;2 21 17 19;10 33
22357,Everton,3-5-2,1;4 5 6;30 26 17 2 3;29 10
22358,Stoke City,3-4-2-1,1;6 17 20;18 24 4 3;22 11;10
22358,Arsenal,3-4-2-1,33;20 18 31;15 8 29 24;11 23;9
22359,Swansea City,3-1-4-2,1;33 27 6;51;26 8 14 16;10 18
22359,Manchester United,4-2-3-1,1;25 3 4 17;6 31;8 22 19;9
22360,Tottenham Hotspur,4-3-2-1,1;2 4 5 33;15 12 19;23 20;10
22360,Chelsea,3-5-1-1,13;28 27 2;15 14 30 7 3;22;9
22361,West Ham United,3-4-2-1,25;41 21 3;5 8 16 26;30 18;7
22361,Southampton,4-4-2,13;2 5 6 21;11 18 23 22;10 20
22362,AFC Bournemouth,5-3-2,27;15 3 5 26 11;4 6 8;17 18
22362,Manchester City,4-3-3,31;3 4 30 22;17 25 21;20 33 7
22363,Chelsea,3-4-2-1,13;28 30 2;15 4 7 3;22 11;9
22363,Everton,3-4-2-1,1;4 5 6;30 26 17 3;10 18;9
22364,Crystal Palace,3-5-2,13;24 6 5;2 18 4 42 3;10 17
22364,Swansea City,3-5-2,1;5 33 6;26 8 17 14 16;18 10
22365,Huddersfield Town,4-2-3-1,1;2 25 26 15;10 8;9 22 17;24
22365,Southampton,4-2-3-1,44;2 5 3 21;18 14;11 8 22;20
22366,Liverpool,4-3-3,1;12 32 6 18;23 14 5;11 9 19
22366,Arsenal,3-4-2-1,33;16 6 18;15 8 29 24;11 7;23
22367,Manchester United,4-2-3-1,1;25 3 4 17;6 31;8 22 11;9
22367,Leicester City,4-4-1-1,1;2 5 15 28;26 22 25 11;20;9
22368,Newcastle United,4-2-3-1,1;19 6 2 18;23 14;11 17 30;21
22368,West Ham United,4-2-3-1,25;5 19 21 3;41 16;30 20 31;17
22369,Tottenham Hotspur,4-2-3-1,1;2 4 5 33;15 19;7 20 23;10
22369,Burnley,4-4-1-1,1;2 5 6 23;17 4 16 12;37;9
22370,Watford,4-3-3,1;21 5 27 3;16 8 14;7 18 11
22370,Brighton and Hove Albion,4-4-1-1,1;2 22 5 29;11 6 24 20;13;10
22371,West Bromwich Albion,4-2-3-1,1;2 25 26 11;18 8;10 7 19;9
22371,Stoke City,3-4-2-1,1;6 17 15;20 24 4 3;22 11;10
22372,Arsenal,3-4-2-1,33;6 20 18;24 8 29 31;11 23;9
22372,AFC Bournemouth,3-5-1-1,27;3 5 26;15 24 4 8 11;17;18
22373,Brighton and Hove Albion,4-4-1-1,1;2 22 5 29;11 6 24 20;13;10
22373,West Bromwich Albion,4-1-4-1,1;25 6 26 2;18;10 8 20 19;9
22374,Burnley,4-4-2,1;2 5 6 23;17 4 16 12;11 9
22374,Crystal Palace,4-3-3,13;2 24 6 15;18 7 42;10 17 14
22375,Everton,4-2-3-1,1;15 4 5 3;2 17;20 10 18;9
22375,Tottenham Hotspur,3-5-1-1,1;4 6 5;2 17 15 23 33;20;10
22376,Leicester City,4-4-2,1;2 5 15 28;26 25 22 11;19 9
22376,Chelsea,3-4-2-1,13;28 30 2;15 7 14 3;11 4;9
22377,Manchester City,3-1-4-2,31;3 5 30;25;2 17 21 22;10 33
22377,Liverpool,4-3-3,22;66 32 17 18;5 14 23;11 9 19
22378,Southampton,4-2-3-1,44;2 5 6 21;14 8;19 16 22;20
22378,Watford,4-2-3-1,1;21 27 4 25;14 16;28 8 11;18
22379,Stoke City,3-4-2-1,1;6 20 5;18 4 24 3;22 10;11
22379,Manchester United,4-3-3,1;25 3 4 36;21 31 6;22 9 19
22380,Swansea City,4-3-1-2,1;26 33 6 16;35 17 14;8;10 18
22380,Newcastle United,4-2-3-1,1;19 6 2 27;23 14;11 17 7;21
22381,West Ham United,3-4-3,25;4 2 19;5 8 14 3;30 9 17
22381,Huddersfield Town,4-2-3-1,1;2 25 26 15;10 8;9 22 17;24
22382,AFC Bournemouth,4-4-1-1,27;15 2 5 11;24 8 6 7;17;18
22382,Brighton and Hove Albion,4-4-1-1,1;23 22 5 29;11 6 24 20;13;10
22383,Chelsea,3-4-2-1,13;28 30 24;15 7 4 3;22 11;9
22383,Arsenal,3-4-2-1,33;6 20 18;24 8 29 31;17 23;9
22384,Crystal Palace,4-4-1-1,13;2 24 6 15;10 18 7 42;8;17
22384,Southampton,4-2-3-1,44;2 3 6 21;14 18;11 8 22;7
22385,Huddersfield Town,4-2-3-1,1;2 25 26 15;19 10;9 11 22;20
22385,Leicester City,4-4-1-1,1;2 5 15 3;26 25 10 11;8;9
22386,Liverpool,4-3-3,22;66 32 17 26;7 23 10;11 15 9
22386,Burnley,4-4-1-1,29;2 5 6 23;17 16 4 12;37;11
22387,Manchester United,4-2-3-1,1;25 3 4 18;27 31;8 22 19;9
22387,Everton,3-4-2-1,1;4 5 6;15 17 2 3;26 18;10
22388,Newcastle United,4-2-3-1,1;22 6 2 18;14 23;11 17 30;21
22388,Stoke City,3-4-2-1,1;6 15 5;18 4 24 3;22 10;11
22389,Tottenham Hotspur,3-5-1-1,1;4 6 5;2 17 15 23 7;20;10
22389,Swansea City,3-5-2,1;5 33 6;26 35 17 14 16;18 10
22390,Watford,4-2-3-1,1;2 6 27 25;16 14;28 8 11;18
22390,Manchester City,4-3-3,31;2 5 30 22;17 25 21;7 10 33
22391,West Bromwich Albion,4-2-3-1,1;25 26 6 3;20 18;11 7 10;19
22391,West Ham United,3-4-3,25;4 2 19;5 8 14 3;30 9 17
22392,Arsenal,3-4-2-1,33;6 20 18;24 35 29 31;8 7;9
22392,West Bromwich Albion,3-5-2,1;25 26 6;2 8 20 18 3;19 4
22393,Brighton and Hove Albion,4-4-1-1,1;2 22 5 29;11 6 24 20;13;10
22393,Newcastle United,4-2-3-1,1;22 6 2 18;14 23;11 17 30;21
22394,Burnley,4-3-2-1,29;2 5 6 23;4 13 16;12 37;11
22394,Huddersfield Town,4-2-3-1,1;2 25 26 15;10 6;9 11 22;20
22395,Everton,4-3-3,1;15 30 5 3;17 2 20;10 29 18
22395,AFC Bournemouth,4-4-1-1,27;15 2 5 11;33 4 6 19;17;18
22396,Leicester City,4-4-1-1,1;2 5 15 3;26 25 10 11;20;9
22396,Liverpool,4-3-3,22;12 32 6 18;23 14 5;11 9 10
22397,Manchester City,4-3-3,31;2 5 30 22;17 25 21;19 10 7
22397,Crystal Palace,4-2-3-1,13;24 6 12 3;4 7;10 8 15;17
22398,Southampton,4-2-3-1,44;2 3 6 21;14 18;11 8 22;7
22398,Manchester United,4-2-3-1,1;25 3 4 18;27 31;8 22 19;9
22399,Stoke City,3-4-3,1;8 15 3;18 4 24 32;22 10 11
22399,Chelsea,3-4-2-1,13;28 27 2;15 7 14 3;22 11;9
22400,Swansea City,3-5-2,1;5 33 6;26 8 17 14 16;18 2
22400,Watford,4-2-3-1,1;21 6 27 25;16 29;28 8 11;18
22401,West Ham United,3-4-3,25;4 2 21;5 16 8 3;30 17 7
22401,Tottenham Hotspur,3-5-1-1,1;4 6 5;24 17 15 23 33;20;10
22402,Arsenal,3-4-2-1,33;16 20 18;24 8 29 31;17 7;9
22402,Brighton and Hove Albion,4-3-2-1,1;2 22 5 3;24 6 13;20 19;37
22403,AFC Bournemouth,4-4-1-1,27;15 2 5 11;19 16 6 7;17;18
22403,Leicester City,4-4-1-1,1;2 5 15 28;11 10 25 7;20;9
22404,Chelsea,3-5-1-1,13;2 27 24;28 7 14 4 3;10;9
22404,Manchester City,4-3-3,31;2 5 30 18;17 25 21;7 33 19
22405,Everton,4-2-2-2,1;15 4 5 3;2 17;27 18;29 19
22405,Burnley,4-4-1-1,29;2 5 6 23;12 16 4 37;13;11
22406,Huddersfield Town,4-2-3-1,1;2 25 26 15;6 10;9 22 17;20
22406,Tottenham Hotspur,3-4-2-1,1;4 6 5;2 29 15 33;23 20;10
22407,Manchester United,4-2-3-1,1;25 12 4 18;31 27;8 22 19;9
22407,Crystal Palace,4-3-3,13;2 12 27 3;7 4 42;10 26 15
22408,Newcastle United,4-2-3-1,1;22 6 2 19;8 23;11 17 30;21
22408,Liverpool,4-3-3,22;12 32 6 18;5 14 10;11 15 19
22409,Stoke City,3-4-2-1,1;6 20 5;18 4 24 3;22 10;9
22409,Southampton,4-2-3-1,44;2 3 17 21;14 18;11 8 22;7
22410,West Bromwich Albion,4-2-3-1,1;25 26 6 3;20 18;10 19 11;9
22410,Watford,4-2-3-1,1;21 6 27 25;16 29;28 8 11;9
22411,West Ham United,4-4-2,25;5 4 2 3;30 16 8 20;9 17
22411,Swansea City,4-3-1-2,1;26 33 6 16;35 7 14;18;2 10
22412,Brighton and Hove Albion,4-4-2,1;2 22 5 29;11 6 24 20;13 17
22412,Everton,4-2-3-1,1;30 4 6 3;17 2;27 18 29;10
22413,Burnley,4-4-1-1,29;2 5 6 23;12 4 16 37;13;11
22413,West Ham United,4-4-2,25;5 4 2 3;30 10 8 7;9 17
22414,Crystal Palace,4-4-2,1;2 6 12 3;18 7 4 15;10 11
22414,Chelsea,3-4-3,13;28 30 24;15 4 14 3;22 23 10
22415,Leicester City,4-4-1-1,1;2 5 15 28;26 21 25 11;8;9
22415,West Bromwich Albion,4-3-3,13;25 26 6 3;8 20 18;19 9 22
22416,Liverpool,4-3-3,22;12 32 6 18;5 14 23;11 9 10
22416,Manchester United,4-2-3-1,1;25 12 4 36;21 31;18 22 11;9
22417,Manchester City,4-3-3,31;2 5 30 18;17 25 21;7 33 19
22417,Stoke City,4-4-1-1,1;42 6 5 3;18 24 20 10;22;11
22418,Southampton,4-4-2,44;2 3 17 21;11 14 18 22;20 7
22418,Newcastle United,4-4-2,1;22 6 20 19;11 14 8 30;21 17
22419,Swansea City,4-3-3,1;26 33 6 16;8 7 14;11 10 18
22419,Huddersfield Town,4-2-3-1,1;2 25 26 3;6 8;9 22 17;20
22420,Tottenham Hotspur,4-2-3-1,1;2 6 4 5;15 29;23 20 7;10
22420,AFC Bournemouth,3-5-1-1,27;2 3 5;15 16 6 19 11;4;17
22421,Watford,3-4-3,1;6 27 3;21 8 16 25;37 18 11
22421,Arsenal,3-4-2-1,33;6 4 18;24 35 29 31;17 23;9
22422,Chelsea,3-4-3,13;2 30 24;28 4 14 3;11 9 10
22422,Watford,3-4-3,1;6 27 3;21 8 16 25;37 9 11
22423,Everton,3-4-2-1,1;5 4 6;43 17 27 3;10 18;29
22423,Arsenal,3-4-2-1,33;6 4 18;24 8 29 31;11 7;9
22424,Huddersfield Town,4-2-3-1,1;2 25 26 15;6 19;9 10 22;20
22424,Manchester United,4-2-3-1,1;25 12 4 18;21 31;8 14 11;9
22425,Manchester City,4-3-3,31;2 5 30 18;17 25 21;20 10 19
22425,Burnley,4-4-1-1,29;2 5 6 23;12 16 4 37;13;11
22426,Newcastle United,4-2-3-1,1;22 6 20 19;14 8;11 17 30;21
22426,Crystal Palace,4-4-2,1;2 6 12 3;18 7 4 15;10 11
22427,Southampton,4-1-2-1-2,44;2 3 17 21;14;18 8;11;7 20
22427,West Bromwich Albion,4-3-2-1,1;25 6 26 3;20 8 18;19 22;9
22428,Stoke City,3-4-3,1;6 17 20;8 24 4 3;10 18 11
22428,AFC Bournemouth,4-4-1-1,27;15 2 5 11;33 16 6 19;31;9
22429,Swansea City,4-3-3,1;26 33 6 16;35 7 14;11 10 18
22429,Leicester City,4-4-1-1,1;2 5 15 28;26 25 21 11;20;9
22430,Tottenham Hotspur,3-5-2,1;4 6 5;2 23 29 20 24;10 7
22430,Liverpool,4-3-3,22;12 32 6 18;7 14 23;11 9 10
22431,West Ham United,4-2-3-1,25;5 4 2 26;14 8;30 10 7;17
22431,Brighton and Hove Albion,4-4-2,1;2 22 5 3;11 6 24 19;13 17
22432,Arsenal,3-4-2-1,33;6 4 18;24 8 29 31;11 7;9
22432,Swansea City,3-5-2,1;5 33 6;26 4 8 14 17;18 10
22433,AFC Bournemouth,3-4-1-2,27;2 3 5;15 16 6 11;19;9 18
22433,Chelsea,3-4-2-1,13;28 30 2;21 4 14 3;11 10;9
22434,Brighton and Hove Albion,4-4-1-1,1;2 22 5 3;11 6 24 19;13;17
22434,Southampton,4-1-4-1,44;2 17 6 21;14;11 16 8 19;20
22435,Burnley,4-4-1-1,29;2 5 6 23;17 16 4 12;13;10
22435,Newcastle United,4-2-3-1,1;22 6 20 19;8 10;11 17 30;21
22436,Crystal Palace,4-4-2,1;2 6 5 3;8 7 4 15;10 11
22436,West Ham United,3-5-2,25;4 8 21;5 31 10 16 3;20 17
22437,Leicester City,4-4-1-1,1;2 5 15 28;7 25 21 3;26;9
22437,Everton,4-4-1-1,1;43 6 5 3;12 26 17 11;10;29
22438,Liverpool,4-3-3,22;12 32 17 18;7 14 5;11 15 9
22438,Huddersfield Town,4-3-2-1,1;2 25 26 15;19 6 10;17 22;20
22439,Manchester United,3-4-1-2,1;3 12 4;25 21 31 18;22;9 19
22439,Tottenham Hotspur,3-5-1-1,1;4 15 5;24 17 29 23 33;20;7
22440,Watford,4-2-3-1,1;21 27 3 25;16 8;28 29 11;9
22440,Stoke City,3-4-2-1,1;6 17 5;18 24 4 3;22 32;10
22441,West Bromwich Albion,3-5-2,1;23 26 6;2 20 18 8 3;9 19
22441,Manchester City,4-3-3,31;2 5 30 18;17 25 21;20 33 19
22442,Chelsea,3-1-4-2,13;28 27 24;7;21 4 14 3;9 10
22442,Manchester United,3-4-1-2,1;3 12 4;25 21 31 18;22;9 19
22443,Everton,4-3-3,1;43 6 4 3;17 54 26;18 19 10
22443,Watford,4-3-3,1;21 27 3 25;19 16 8;28 18 11
22444,Huddersfield Town,4-4-1-1,1;33 25 26 3;9 6 10 17;22;20
22444,West Bromwich Albion,3-5-2,1;23 26 6;2 20 18 8 3;4 19
22445,Manchester City,4-3-3,31;2 5 30 18;17 25 21;7 10 19
22445,Arsenal,3-4-2-1,33;6 34 18;24 8 29 31;11 17;7
22446,Newcastle United,4-4-2,1;22 6 20 19;11 14 8 30;9 21
22446,AFC Bournemouth,4-4-2,27;2 3 5 11;33 6 8 7;13 17
22447,Southampton,4-2-3-1,44;2 3 17 21;14 8;11 19 22;20
22447,Burnley,4-4-1-1,29;2 5 6 23;17 16 4 12;13;11
22448,Stoke City,3-4-2-1,1;6 17 5;18 24 4 3;22 32;10
22448,Leicester City,4-4-1-1,1;2 5 15 28;26 21 25 7;20;9
22449,Swansea City,4-3-3,1;26 33 6 17;8 4 14;12 10 18
22449,Brighton and Hove Albion,4-4-2,1;2 22 5 3;11 6 24 19;13 17
22450,Tottenham Hotspur,3-5-1-1,22;6 15 5;24 17 29 23 3;7;10
22450,Crystal Palace,4-4-2,1;24 6 12 2;8 7 4 15;10 11
22451,West Ham United,3-4-2-1,25;8 2 21;31 16 14 3;20 10;17
22451,Liverpool,4-2-2-2,22;12 32 17 18;5 23;21 19;9 11
22452,Arsenal,3-4-2-1,33;6 20 18;24 8 29 31;11 7;9
22452,Tottenham Hotspur,3-5-2,1;6 15 5;2 17 19 23 33;10 20
22453,AFC Bournemouth,4-4-1-1,27;2 3 5 11;33 6 8 7;17;13
22453,Huddersfield Town,4-2-3-1,1;33 25 14 3;10 19;9 22 17;20
22454,Brighton and Hove Albion,4-4-1-1,1;2 22 5 3;11 6 24 19;13;17
22454,Stoke City,3-4-2-1,33;6 17 5;18 24 4 3;22 32;10
22455,Burnley,4-4-1-1,29;2 5 6 23;17 16 4 12;13;10
22455,Swansea City,4-3-3,1;26 33 6 16;8 17 35;12 10 18
22456,Crystal Palace,4-4-2,1;2 6 12 15;8 7 4 18;10 11
22456,Everton,4-3-3,1;43 6 4 3;17 2 18;12 19 31
22457,Leicester City,4-4-1-1,1;2 5 15 28;26 25 21 7;11;9
22457,Manchester City,4-3-3,31;2 5 4 18;17 25 21;7 33 19
22458,Liverpool,4-3-3,22;66 6 17 18;5 14 10;11 9 19
22458,Southampton,4-2-3-1,44;2 17 6 21;14 8;11 19 22;7
22459,Manchester United,4-2-3-1,1;25 2 12 18;6 31;19 8 11;9
22459,Newcastle United,4-4-2,1;22 20 2 19;7 14 8 11;9 21
22460,Watford,3-4-2-1,1;6 27 3;21 8 16 22;19 11;18
22460,West Ham United,4-3-3,25;5 2 21 3;8 16 14;7 9 10
22461,West Bromwich Albion,3-5-2,1;23 6 26;10 8 18 20 3;9 19
22461,Chelsea,3-5-1-1,13;28 27 24;21 4 7 14 3;10;9
22462,Burnley,4-4-1-1,29;2 5 6 23;17 16 4 12;13;10
22462,Arsenal,3-4-2-1,33;6 20 18;24 8 29 31;17 7;9
22463,Crystal Palace,4-4-2,13;2 5 12 15;8 7 4 18;10 11
22463,Stoke City,3-4-2-1,33;6 17 5;18 24 4 3;22 32;10
22464,Huddersfield Town,4-3-2-1,1;2 25 26 3;19 6 10;22 17;20
22464,Manchester City,4-3-3,31;2 4 30 18;17 25 21;7 10 19
22465,Liverpool,4-3-3,22;12 32 17 18;7 14 10;11 15 21
22465,Chelsea,3-5-1-1,13;28 27 24;21 6 7 14 3;10;9
22466,Manchester United,4-2-3-1,1;25 2 12 18;6 31;8 19 11;9
22466,Brighton and Hove Albion,4-3-2-1,1;2 22 5 3;13 6 24;11 20;17
22467,Newcastle United,4-4-2,1;22 20 2 19;11 8 10 7;9 21
22467,Watford,3-4-2-1,1;6 27 3;21 16 8 22;19 11;18
22468,Southampton,4-2-3-1,44;2 17 6 21;8 23;16 11 19;10
22468,Everton,4-4-2,1;43 6 4 3;12 17 2 18;11 29
22469,Swansea City,4-1-2-1-2,1;26 5 6 16;51;4 14;35;2 18
22469,AFC Bournemouth,4-4-1-1,27;15 3 5 11;33 6 8 7;17;13
22470,Tottenham Hotspur,3-5-2,1;15 6 5;2 23 29 20 33;10 7
22470,West Bromwich Albion,3-5-2,1;2 26 6;10 18 8 28 3;19 9
22471,West Ham United,4-2-3-1,25;5 2 21 3;8 14;7 10 26;9
22471,Leicester City,4-4-1-1,1;2 5 15 28;11 25 21 7;26;9
22472,Arsenal,3-4-2-1,33;6 20 18;24 8 29 31;11 7;9
22472,Huddersfield Town,3-4-2-1,1;25 26 14;33 10 6 15;23 9;24
22473,AFC Bournemouth,4-4-1-1,27;2 3 5 11;33 6 8 7;17;13
22473,Burnley,4-4-1-1,29;26 5 6 23;17 16 4 12;13;11
22474,Brighton and Hove Albion,4-4-1-1,1;2 22 5 29;11 6 24 19;13;17
22474,Crystal Palace,4-4-2,13;2 5 12 15;8 7 4 10;17 11
22475,Leicester City,4-4-1-1,1;2 5 15 3;26 25 21 11;20;9
22475,Tottenham Hotspur,3-5-2,1;15 6 5;24 17 19 23 3;10 20
22476,Watford,3-5-2,1;6 5 27;21 19 16 8 22;18 11
22476,Manchester United,3-4-2-1,1;2 12 5;25 6 31 18;14 11;9
22477,West Bromwich Albion,3-5-2,1;2 26 6;10 18 8 28 3;4 9
22477,Newcastle United,4-2-3-1,26;22 20 2 18;14 23;11 17 7;21
22478,Chelsea,3-4-2-1,13;2 27 24;21 4 7 3;22 11;9
22478,Swansea City,4-3-1-2,1;26 5 6 16;4 51 14;35;2 18
22479,Everton,4-1-4-1,1;43 30 5 15;17;12 26 10 18;29
22479,West Ham United,4-1-4-1,25;5 2 21 3;14;7 8 10 26;20
22480,Manchester City,4-3-3,31;2 4 30 18;17 25 8;7 10 33
22480,Southampton,5-4-1,44;2 3 17 6 21;23 14 18 22;7
22481,Stoke City,3-4-2-1,33;6 17 15;18 24 4 3;22 10;25
22481,Liverpool,4-2-3-1,22;12 32 6 18;23 5;21 9 19;29
22482,Arsenal,3-4-2-1,33;6 20 18;24 8 29 31;11 7;9
22482,Manchester United,3-4-1-2,1;2 12 5;25 6 31 18;14;9 11
22483,AFC Bournemouth,4-4-1-1,27;15 2 5 11;19 16 6 24;17;18
22483,Southampton,4-2-3-1,44;26 17 6 21;14 8;16 11 19;10
22484,Brighton and Hove Albion,4-4-1-1,1;2 22 5 3;11 6 24 37;13;17
22484,Liverpool,3-5-1-1,22;23 6 5;66 7 14 10 26;11;9
22485,Chelsea,3-5-1-1,13;28 27 2;15 4 7 6 3;10;9
22485,Newcastle United,3-4-2-1,26;18 20 2;19 10 23 11;7 17;9
22486,Everton,4-1-4-1,1;43 30 5 15;17;12 26 10 18;29
22486,Huddersfield Town,4-2-3-1,1;2 25 26 3;10 19;23 22 9;20
22487,Leicester City,4-4-1-1,1;2 5 15 3;26 25 21 11;7;9
22487,Burnley,4-4-1-1,29;26 5 6 23;17 16 4 12;13;11
22488,Manchester City,4-3-3,31;2 30 15 3;17 18 21;7 10 19
22488,West Ham United,3-5-1-1,13;41 21 3;5 8 31 14 26;10;30
22489,Stoke City,4-4-2,1;6 17 15 3;22 24 4 10;25 18
22489,Swansea City,4-1-2-1-2,1;26 5 6 16;4;8 17;18;10 2
22490,Watford,3-4-2-1,1;6 5 27;21 16 8 22;37 11;9
22490,Tottenham Hotspur,4-2-3-1,1;2 6 5 33;15 19;23 20 7;10
22491,West Bromwich Albion,4-3-3,1;2 26 6 3;8 18 28;4 9 19
22491,Crystal Palace,4-4-2,1;2 34 12 15;8 18 4 10;11 17
22492,Burnley,4-2-3-1,29;26 28 5 23;16 4;17 13 37;11
22492,Watford,4-2-3-1,1;2 6 27 22;8 16;28 37 11;9
22493,Crystal Palace,4-4-2,1;24 5 12 15;10 7 4 8;11 17
22493,AFC Bournemouth,4-4-1-1,27;2 3 5 11;19 16 6 24;17;18
22494,Huddersfield Town,4-2-3-1,1;2 25 26 15;10 6;9 22 23;24
22494,Brighton and Hove Albion,4-4-1-1,1;2 22 5 29;21 6 24 37;13;17
22495,Liverpool,4-3-3,22;12 6 17 26;21 14 7;11 29 19
22495,Everton,4-4-2,1;43 30 5 15;10 26 17 18;29 19
22496,Manchester United,4-2-3-1,1;25 12 5 18;21 31;11 14 19;9
22496,Manchester City,4-3-3,31;2 4 30 18;17 25 21;7 33 19
22497,Newcastle United,4-4-1-1,26;22 20 2 19;11 14 23 7;21;9
22497,Leicester City,4-4-1-1,1;2 5 15 3;26 25 21 11;7;9
22498,Southampton,4-2-3-1,44;5 3 17 21;14 23;16 11 22;10
22498,Arsenal,3-4-2-1,33;6 4 18;24 8 29 31;11 7;9
22499,Swansea City,4-3-3,1;26 5 6 16;4 51 14;12 2 15
22499,West Bromwich Albion,4-4-2,1;2 26 6 3;4 5 8 28;19 9
22500,Tottenham Hotspur,4-2-3-1,1;2 15 5 33;19 29;23 20 7;10
22500,Stoke City,3-4-3,1;6 17 5;42 4 24 3;22 18 10
22501,West Ham United,3-4-2-1,13;2 21 3;5 14 16 26;10 7;30
22501,Chelsea,3-5-1-1,13;28 27 24;21 4 7 14 3;10;9
22502,Burnley,4-4-1-1,29;26 28 5 23;17 4 16 37;13;11
22502,Stoke City,4-4-2,1;20 17 6 3;22 24 4 32;18 25
22503,Crystal Palace,4-4-2,1;24 5 6 15;10 7 4 8;11 17
22503,Watford,3-4-2-1,1;6 5 27;2 8 16 25;28 11;9
22504,Huddersfield Town,4-3-2-1,1;2 25 26 15;19 6 10;9 22;24
22504,Chelsea,3-4-2-1,13;28 27 2;15 7 14 3;22 11;10
22505,Manchester United,4-2-3-1,1;25 12 4 23;39 31;8 14 11;9
22505,AFC Bournemouth,4-4-1-1,27;15 2 5 11;19 4 8 24;17;13
22506,Swansea City,4-3-2-1,1;26 5 6 16;51 4 14;12 18;2
22506,Manchester City,4-3-3,31;3 30 15 18;17 25 21;20 10 7
22507,West Ham United,5-3-2,13;5 2 21 3 26;16 14 10;30 7
22507,Arsenal,4-3-3,33;24 6 18 30;10 29 11;17 12 7
22508,Liverpool,4-4-2,1;66 6 17 26;19 5 23 10;9 11
22508,West Bromwich Albion,4-3-2-1,1;2 26 6 3;8 5 20;4 14;9
22509,Newcastle United,4-2-3-1,26;22 6 20 19;23 8;30 10 11;9
22509,Everton,4-2-3-1,1;43 30 5 15;17 2;12 10 18;29
22510,Southampton,4-2-3-1,44;2 3 17 21;14 18;11 8 19;10
22510,Leicester City,4-2-3-1,1;2 5 15 28;25 10;26 20 3;9
22511,Tottenham Hotspur,4-2-3-1,1;24 15 5 3;17 29;11 23 7;10
22511,Brighton and Hove Albion,4-3-2-1,1;21 22 5 3;7 6 24;11 19;10
22512,Arsenal,4-3-3,33;24 6 18 30;11 29 10;17 9 7
22512,Newcastle United,4-4-2,1;22 6 20 19;7 23 14 30;21 17
22513,AFC Bournemouth,4-4-1-1,27;15 2 5 11;33 16 6 7;17;18
22513,Liverpool,4-3-3,22;12 6 17 26;21 14 5;11 9 10
22514,Brighton and Hove Albion,4-2-3-1,1;2 22 5 3;24 6;11 13 20;17
22514,Burnley,4-4-1-1,29;26 5 6 3;17 4 16 37;13;11
22515,Chelsea,3-4-2-1,13;28 27 24;15 7 14 3;22 11;10
22515,Southampton,3-4-2-1,44;5 3 6;2 14 23 21;16 22;20
22516,Everton,4-2-3-1,1;43 30 5 15;17 2;12 10 18;29
22516,Swansea City,4-3-3,1;26 33 6 16;8 51 14;11 2 12
22517,Leicester City,4-2-3-1,1;2 5 15 3;25 21;26 7 11;9
22517,Crystal Palace,4-4-2,1;34 5 6 15;10 7 18 8;17 11
22518,Manchester City,4-3-3,31;2 30 15 18;17 25 8;7 10 19
22518,Tottenham Hotspur,4-1-2-1-2,1;2 15 5 3;19;23 29;20;10 7
22519,Stoke City,4-4-2,1;20 17 5 3;22 24 4 32;25 18
22519,West Ham United,3-4-1-2,13;19 21 3;5 16 14 26;10;30 7
22520,Watford,3-4-2-1,1;6 5 27;2 29 16 25;28 11;9
22520,Huddersfield Town,4-4-2,1;33 25 26 15;23 10 6 17;9 20
22521,West Bromwich Albion,4-3-3,1;2 26 6 3;8 5 20;17 9 14
22521,Manchester United,4-2-3-1,1;25 12 4 18;21 31;8 14 19;9
22522,Arsenal,4-2-3-1,33;24 6 18 30;10 29;17 11 7;9
22522,Liverpool,4-2-3-1,22;12 6 17 26;14 23;11 10 19;9
22523,Brighton and Hove Albion,4-4-1-1,1;2 18 5 29;11 6 24 20;13;10
22523,Watford,4-2-3-1,1;2 27 5 25;8 23;28 37 11;18
22524,Burnley,4-4-1-1,29;26 28 6 3;17 16 4 37;13;11
22524,Tottenham Hotspur,4-2-3-1,1;24 6 5 33;17 15;23 20 7;10
22525,Everton,4-1-4-1,1;43 6 4 15;2;12 17 26 18;29
22525,Chelsea,3-4-2-1,13;28 27 2;15 7 14 3;22 11;10
22526,Leicester City,4-2-3-1,1;2 5 15 28;25 21;26 7 11;9
22526,Manchester United,4-2-3-1,1;2 12 4 18;6 31;8 14 11;9
22527,Manchester City,4-3-3,31;2 4 30 18;17 25 21;7 10 19
22527,AFC Bournemouth,3-4-2-1,27;3 5 42;15 4 6 24;33 19;13
22528,Southampton,4-2-3-1,44;5 3 6 33;8 18;16 11 22;10
22528,Huddersfield Town,4-2-3-1,1;33 25 26 3;10 19;23 22 17;20
22529,Stoke City,4-2-3-1,1;42 17 6 5;24 20;22 4 10;25
22529,West Bromwich Albion,4-4-2,1;2 26 6 3;8 18 11 14;9 4
22530,Swansea City,4-3-3,1;26 33 6 16;17 51 14;11 10 12
22530,Crystal Palace,4-4-2,1;34 5 6 15;18 7 4 8;10 11
22531,West Ham United,3-4-2-1,13;2 21 3;5 8 14 26;30 20;7
22531,Newcastle United,4-4-2,1;22 6 2 19;11 24 10 30;9 21
22532,AFC Bournemouth,4-4-1-1,27;2 3 5 15;33 16 4 24;17;13
22532,West Ham United,3-4-2-1,13;19 21 3;5 8 14 26;20 10;7
22533,Chelsea,3-5-1-1,13;28 24 2;15 4 7 14 3;10;9
22533,Brighton and Hove Albion,4-3-2-1,1;21 22 5 29;7 6 24;20 19;10
22534,Crystal Palace,4-4-2,1;34 5 6 15;10 7 4 8;17 11
22534,Arsenal,3-4-2-1,33;21 20 6;24 29 10 31;11 7;9
22535,Huddersfield Town,4-2-3-1,1;2 25 26 15;10 6;23 22 17;24
22535,Stoke City,4-2-3-1,1;42 17 6 5;24 20;22 4 10;25
22536,Liverpool,4-3-3,22;66 32 17 26;21 23 5;11 9 10
22536,Swansea City,4-3-2-1,1;26 33 6 16;8 51 14;15 18;62
22537,Manchester United,4-2-3-1,1;18 4 5 23;6 31;8 10 19;9
22537,Burnley,4-1-4-1,29;26 28 6 3;4;17 13 16 37;10
22538,Newcastle United,5-4-1,1;22 18 6 3 19;16 10 8 7;21
22538,Manchester City,4-3-3,31;2 4 30 3;17 25 8;20 10 7
22539,Tottenham Hotspur,4-2-3-1,1;24 6 5 3;15 19;23 20 7;10
22539,Southampton,4-1-4-1,44;5 3 6 33;14;19 23 18 22;7
22540,Watford,4-3-3,1;2 13 27 22;8 23 16;28 11 37
22540,Leicester City,4-2-3-1,1;16 5 15 3;25 10;26 20 11;9
22541,West Bromwich Albion,4-4-2,1;25 26 6 3;10 8 18 11;19 9
22541,Everton,3-1-4-2,1;30 5 4;2;43 26 18 15;29 7
22542,AFC Bournemouth,4-4-1-1,27;2 3 5 15;33 16 4 24;17;13
22542,Everton,4-3-3,1;43 4 6 15;16 2 17;12 29 18
22543,Chelsea,3-4-3,13;28 24 2;15 7 6 3;22 9 11
22543,Stoke City,4-2-3-1,1;42 20 5 12;24 16;18 14 32;9
22544,Crystal Palace,4-3-3,13;24 5 6 3;7 4 44;10 17 11
22544,Manchester City,4-3-3,31;2 30 15 3;17 25 8;20 33 19
22545,Huddersfield Town,4-2-3-1,1;33 25 26 3;10 6;23 22 17;20
22545,Burnley,4-4-1-1,29;26 28 6 3;17 16 4 37;13;10
22546,Liverpool,4-3-3,1;12 32 6 26;10 23 7;11 9 19
22546,Leicester City,4-4-1-1,1;18 5 15 28;26 25 21 11;7;9
22547,Manchester United,4-2-3-1,1;18 2 4 23;6 31;8 14 22;9
22547,Southampton,4-2-3-1,13;5 3 6 38;14 23;16 11 19;7
22548,Newcastle United,4-4-2,26;22 6 2 3;11 14 23 30;21 9
22548,Brighton and Hove Albion,4-4-1-1,1;2 22 5 3;11 6 24 20;13;17
22549,Tottenham Hotspur,4-2-3-1,1;24 6 5 33;17 15;23 20 7;10
22549,West Ham United,3-5-1-1,13;2 21 41;5 8 16 14 26;10;17
22550,Watford,4-2-3-1,1;2 13 27 22;16 23;28 8 11;33
22550,Swansea City,4-2-2-2,1;26 33 6 16;51 14;17 35;10 18
22551,West Bromwich Albion,5-3-2,1;10 25 26 6 3;8 18 11;19 4
22551,Arsenal,3-4-2-1,33;21 20 6;24 10 29 31;17 7;9
22552,Arsenal,3-4-2-1,33;21 20 16;24 29 10 30;11 7;9
22552,Chelsea,3-5-1-1,13;28 27 24;15 14 7 4 3;10;9
22553,Brighton and Hove Albion,4-4-1-1,1;21 22 5 29;11 6 24 19;13;17
22553,AFC Bournemouth,4-4-2,27;15 2 3 11;33 16 8 7;9 13
22554,Burnley,4-4-1-1,29;26 5 6 3;17 4 16 37;13;10
22554,Liverpool,4-2-3-1,22;66 6 17 12;23 5;19 20 21;29
22555,Everton,4-2-3-1,1;30 4 5 15;26 2;27 10 7;19
22555,Manchester United,4-3-3,1;2 4 5 23;21 31 6;8 11 14
22556,Leicester City,4-4-2,1;18 5 15 28;26 25 22 11;20 19
22556,Huddersfield Town,4-2-3-1,1;2 25 26 15;19 10;17 22 18;24
22557,Manchester City,4-3-3,31;2 5 30 18;17 25 21;7 10 19
22557,Watford,4-2-3-1,1;2 13 27 22;23 16;11 29 28;18
22558,Southampton,4-2-3-1,13;26 5 3 21;14 23;16 11 19;7
22558,Crystal Palace,4-2-3-1,13;24 34 5 15;18 4;10 7 11;17
22559,Stoke City,4-3-3,1;42 6 5 3;4 20 16;22 25 10
22559,Newcastle United,4-2-3-1,26;22 6 2 19;8 10;7 30 11;17
22560,Swansea City,5-3-2,1;22 5 33 6 16;35 17 14;12 18
22560,Tottenham Hotspur,4-2-3-1,1;2 6 5 33;23 15;11 20 7;18
22561,West Ham United,3-4-2-1,13;2 21 3;5 8 14 26;7 10;9
22561,West Bromwich Albion,4-2-3-1,1;25 26 6 3;5 20;19 8 14;9
22562,AFC Bournemouth,3-4-2-1,27;2 3 5;15 16 4 11;33 24;13
22562,Arsenal,3-4-2-1,33;21 20 16;24 10 29 30;17 23;9
22563,Chelsea,3-5-1-1,13;28 24 2;15 4 7 14 3;10;9
22563,Leicester City,4-4-1-1,1;18 16 15 3;26 25 22 11;20;9
22564,Crystal Palace,4-4-2,13;24 34 5 3;11 4 44 18;17 26
22564,Burnley,4-2-3-1,29;26 5 6 3;4 16;17 13 10;9
22565,Huddersfield Town,4-2-3-1,1;2 25 26 3;6 10;17 18 22;20
22565,West Ham United,3-5-1-1,13;19 21 3;5 8 14 16 26;10;7
22566,Liverpool,4-3-3,1;12 32 6 26;21 23 5;11 9 19
22566,Manchester City,4-3-3,31;2 5 30 18;17 25 8;7 10 19
22567,Manchester United,4-2-3-1,1;25 12 4 23;6 31;8 14 11;9
22567,Stoke City,4-2-3-1,1;2 6 15 12;4 24;22 7 10;25
22568,Newcastle United,4-2-3-1,26;22 6 2 3;8 10;11 17 30;9
22568,Swansea City,4-4-2,1;5 27 6 16;12 4 17 14;18 62
22569,Tottenham Hotspur,4-2-3-1,1;24 6 5 33;15 19;23 20 7;10
22569,Everton,4-2-3-1,1;43 30 6 15;16 17;7 10 18;14
22570,Watford,4-2-3-1,1;2 13 27 22;16 23;28 8 11;18
22570,Southampton,4-2-3-1,13;2 5 6 21;14 23;16 11 8;7
22571,West Bromwich Albion,4-4-2,1;25 6 26 3;10 18 20 11;19 9
22571,Brighton and Hove Albion,4-4-1-1,1;2 22 5 3;11 6 24 19;13;17
22572,Arsenal,4-1-4-1,33;24 6 20 18;35;11 10 29 17;9
22572,Crystal Palace,4-4-2,13;24 34 5 3;11 7 4 18;17 26
22573,Brighton and Hove Albion,5-3-2,1;21 18 22 5 29;13 6 24;10 20
22573,Chelsea,3-4-3,1;28 27 2;15 7 14 3;22 23 10
22574,Burnley,4-4-1-1,29;26 5 6 3;17 16 4 37;13;10
22574,Manchester United,4-3-3,1;25 12 4 18;14 31 6;8 9 11
22575,Everton,4-2-3-1,1;43 30 5 15;16 2;11 18 27;14
22575,West Bromwich Albion,4-4-2,1;25 6 26 3;10 20 18 11;19 9
22576,Leicester City,4-4-1-1,1;18 16 15 3;26 25 22 11;20;9
22576,Watford,4-2-3-1,30;2 13 27 22;23 16;28 37 11;9
22577,Manchester City,4-3-3,31;2 5 30 35;17 25 21;7 10 19
22577,Newcastle United,5-4-1,26;19 14 6 2 3;7 8 10 30;21
22578,Southampton,4-2-3-1,13;2 5 6 21;14 18;16 23 11;20
22578,Tottenham Hotspur,4-2-3-1,13;24 6 5 33;15 19;17 20 7;10
22579,Stoke City,4-2-3-1,1;2 17 6 3;24 16;22 4 10;18
22579,Huddersfield Town,4-2-3-1,1;33 25 26 3;6 10;22 21 17;24
22580,Swansea City,5-4-1,1;26 5 33 6 16;12 8 4 17;18
22580,Liverpool,4-2-3-1,1;12 32 4 26;23 5;11 21 19;9
22581,West Ham United,3-5-1-1,13;19 21 3;5 8 14 16 26;10;7
22581,AFC Bournemouth,3-4-3,27;2 3 5;15 16 4 11;33 13 24
22582,Huddersfield Town,5-3-2,1;33 25 26 5 15;10 6 8;20 24
22582,Liverpool,4-3-3,1;12 32 6 26;23 14 7;11 9 19
22583,Swansea City,5-4-1,1;26 5 33 6 16;12 8 4 17;18
22583,Arsenal,4-3-3,33;24 6 20 18;8 35 29;11 9 17
22584,West Ham United,3-4-2-1,13;19 21 41;22 5 16 3;8 18;17
22584,Crystal Palace,4-4-2,13;24 34 5 3;10 18 4 26;17 11
22585,Chelsea,3-4-2-1,13;28 27 24;21 7 14 3;11 8;10
22585,AFC Bournemouth,3-4-3,27;2 3 5;24 16 4 11;33 13 19
22586,Everton,4-2-3-1,1;23 6 4 15;17 26;11 10 18;19
22586,Leicester City,4-2-3-1,1;18 16 15 3;25 22;11 20 7;9
22587,Manchester City,4-3-3,31;2 30 14 35;17 25 21;20 10 7
22587,West Bromwich Albion,4-4-1-1,1;25 23 26 2;28 5 20 14;19;9
22588,Newcastle United,4-4-1-1,26;22 6 2 3;30 10 23 15;17;21
22588,Burnley,4-4-1-1,29;26 28 6 3;17 4 18 37;13;10
22589,Southampton,4-2-3-1,13;2 5 6 21;14 23;16 8 11;7
22589,Brighton and Hove Albion,4-4-1-1,1;21 22 5 3;20 6 24 19;13;17
22590,Stoke City,4-2-3-1,1;2 17 6 3;24 16;22 4 10;18
22590,Watford,4-3-3,30;6 5 27 25;16 29 8;7 9 11
22591,Tottenham Hotspur,4-2-3-1,1;2 6 5 33;15 19;23 20 7;10
22591,Manchester United,4-2-3-1,1;25 12 4 18;6 31;11 14 7;9
22592,Arsenal,4-2-3-1,33;24 20 6 18;8 29;17 11 7;14
22592,Everton,3-4-3,1;4 5 13;43 2 17 15;11 19 7
22593,AFC Bournemouth,3-4-2-1,27;2 3 5;24 16 4 11;33 19;13
22593,Stoke City,4-3-3,1;2 17 6 3;4 20 27;22 25 10
22594,Brighton and Hove Albion,4-4-1-1,1;21 22 5 3;11 6 24 19;13;17
22594,West Ham United,3-4-2-1,13;19 21 41;22 5 16 3;8 18;17
22595,Burnley,4-4-2,29;26 28 6 3;17 4 13 25;9 10
22595,Manchester City,4-3-3,31;2 4 30 3;17 25 8;20 10 7
22596,Crystal Palace,4-4-2,13;24 34 5 3;10 7 4 18;11 17
22596,Newcastle United,4-4-1-1,26;22 6 2 3;11 10 8 15;17;9
22597,Leicester City,4-4-2,1;2 16 15 28;33 25 14 11;8 9
22597,Swansea City,5-4-1,1;26 5 33 6 16;12 8 4 17;18
22598,Liverpool,4-3-3,1;66 6 4 26;23 14 7;11 9 19
22598,Tottenham Hotspur,4-1-2-1-2,1;2 6 5 33;19;15 20;23;10 7
22599,Manchester United,4-2-3-1,1;25 12 5 23;39 31;8 14 7;9
22599,Huddersfield Town,4-1-4-1,1;2 25 26 5;6;23 33 8 17;20
22600,Watford,3-4-2-1,30;6 5 25;2 29 16 22;7 11;9
22600,Chelsea,3-4-2-1,13;28 30 24;15 7 14 21;22 11;10
22601,West Bromwich Albion,4-4-2,1;25 23 26 2;10 18 5 11;15 9
22601,Southampton,4-2-3-1,13;2 5 6 21;14 18;16 11 19;9
22602,Chelsea,3-4-2-1,13;28 27 2;15 4 7 21;11 10;18
22602,West Bromwich Albion,5-3-2,1;10 25 26 6 3;20 18 11;15 9
22603,Everton,4-3-3,1;23 4 13 15;26 17 10;11 19 18
22603,Crystal Palace,4-3-3,13;2 24 5 3;7 4 18;10 17 9
22604,Huddersfield Town,4-2-3-1,1;33 25 26 3;6 10;22 21 17;24
22604,AFC Bournemouth,3-4-2-1,27;2 3 5;24 16 4 11;33 19;13
22605,Manchester City,4-3-3,31;2 30 14 35;17 25 8;20 10 7
22605,Leicester City,3-5-2,1;16 15 28;11 22 25 14 3;33 9
22606,Newcastle United,4-4-1-1,12;22 6 20 3;11 8 10 15;17;9
22606,Manchester United,4-2-3-1,1;25 12 4 18;6 31;11 14 7;9
22607,Southampton,4-2-3-1,13;2 5 6 21;14 18;16 23 11;9
22607,Liverpool,4-3-3,1;66 32 4 26;21 23 5;11 9 19
22608,Stoke City,4-3-3,1;2 17 6 3;4 24 27;22 10 18
22608,Brighton and Hove Albion,4-4-1-1,1;21 22 5 3;20 6 24 19;13;17
22609,Swansea City,5-4-1,1;26 5 33 6 16;12 4 14 17;18
22609,Burnley,4-4-2,29;2 28 6 3;25 13 4 17;9 10
22610,Tottenham Hotspur,4-2-3-1,1;2 6 5 33;15 19;23 20 7;10
22610,Arsenal,4-3-3,33;24 20 6 18;10 35 29;11 14 7
22611,West Ham United,3-4-3,13;19 21 3;5 8 16 30;18 17 7
22611,Watford,3-4-3,30;6 5 25;2 16 29 22;7 9 11
22612,Arsenal,4-2-3-1,33;24 20 6 31;8 29;7 11 23;14
22612,Manchester City,4-3-3,31;2 4 30 3;17 8 21;20 10 19
22613,AFC Bournemouth,4-4-1-1,27;2 3 5 11;19 16 4 24;17;13
22613,Newcastle United,4-4-1-1,12;22 6 20 3;11 8 10 15;17;9
22614,Brighton and Hove Albion,4-4-1-1,1;21 22 5 3;11 6 24 19;13;17
22614,Swansea City,5-4-1,1;26 5 33 6 16;12 4 14 17;18
22615,Burnley,4-4-1-1,29;2 28 6 23;17 4 18 25;13;10
22615,Southampton,4-2-3-1,13;2 5 6 21;14 18;16 11 22;9
22616,Crystal Palace,4-3-3,13;29 24 5 3;18 4 44;10 17 9
22616,Tottenham Hotspur,4-2-3-1,1;24 6 15 33;12 19;23 20 11;10
22617,Leicester City,4-2-3-1,1;2 5 15 3;25 22;26 7 11;9
22617,Stoke City,4-1-4-1,1;2 6 15 21;20;22 4 27 10;18
22618,Liverpool,4-3-3,1;66 32 4 26;21 23 7;11 9 19
22618,West Ham United,3-4-2-1,13;19 21 3;5 8 16 27;18 10;7
22619,Manchester United,4-1-2-1-2,1;25 12 2 18;31;39 6;7;9 11
22619,Chelsea,3-4-2-1,13;28 27 2;15 7 6 3;22 10;9
22620,Watford,4-2-3-1,30;2 5 6 25;16 29;7 37 11;9
22620,Everton,4-3-3,1;43 5 4 15;26 17 10;11 19 18
22621,West Bromwich Albion,4-4-2,1;25 26 6 3;10 18 20 14;19 9
22621,Huddersfield Town,4-2-3-1,1;33 25 26 5;6 19;23 21 17;24
22622,Brighton and Hove Albion,4-4-1-1,1;21 22 5 3;11 6 24 19;13;17
22622,Arsenal,4-2-3-1,33;21 20 6 31;10 29;7 11 17;14
22623,Burnley,4-4-1-1,29;2 5 6 23;25 18 4 17;13;10
22623,Everton,4-3-3,1;23 5 4 15;26 17 18;11 14 29
22624,Crystal Palace,4-4-2,13;29 34 5 3;10 4 18 15;9 17
22624,Manchester United,4-3-3,1;25 12 2 18;39 31 6;14 9 7
22625,Leicester City,4-3-3,1;18 5 15 28;22 25 14;26 9 11
22625,AFC Bournemouth,4-4-1-1,27;2 3 5 11;15 16 4 19;17;13
22626,Liverpool,4-3-3,1;66 6 4 26;21 14 23;11 9 19
22626,Newcastle United,3-4-2-1,12;20 6 3;22 10 23 15;30 7;9
22627,Manchester City,4-3-3,31;2 30 14 35;17 8 21;20 10 19
22627,Chelsea,3-4-2-1,13;28 27 2;15 4 6 3;22 11;10
22628,Southampton,4-2-3-1,13;2 5 6 21;14 18;39 11 22;9
22628,Stoke City,4-1-4-1,1;2 6 15 21;20;22 4 27 10;18
22629,Swansea City,5-4-1,1;26 5 33 6 16;19 24 4 17;18
22629,West Ham United,3-4-3,13;41 2 3;5 8 16 27;10 17 7
22630,Tottenham Hotspur,4-2-3-1,1;24 6 5 33;19 15;23 20 7;10
22630,Huddersfield Town,4-2-3-1,1;33 25 26 5;19 6;23 21 17;24
22631,Watford,4-2-3-1,30;2 5 6 25;16 29;28 37 11;9
22631,West Bromwich Albion,4-3-3,1;25 26 6 3;20 8 11;10 9 19
22632,Arsenal,4-2-3-1,33;30 20 16 31;35 29;7 11 17;14
22632,Watford,4-2-3-1,30;2 5 6 25;16 29;21 11 37;9
22633,AFC Bournemouth,4-4-1-1,27;2 3 5 11;15 16 4 19;31;13
22633,Tottenham Hotspur,4-2-3-1,1;24 6 5 3;19 12;23 20 7;10
22634,Chelsea,3-4-2-1,13;28 27 24;21 4 7 3;22 10;18
22634,Crystal Palace,4-4-2,13;29 34 5 3;10 4 18 15;9 17
22635,Everton,4-2-3-1,1;23 6 4 3;26 10;11 18 7;14
22635,Brighton and Hove Albion,4-4-1-1,1;21 22 5 3;11 7 24 19;13;17
22636,Huddersfield Town,4-2-3-1,1;33 25 26 3;6 10;22 21 17;24
22636,Swansea City,5-4-1,1;26 5 33 6 16;19 24 4 17;18
22637,Manchester United,4-2-3-1,1;25 3 12 18;39 31;8 7 19;9
22637,Liverpool,4-3-3,1;66 6 4 26;21 23 7;11 9 19
22638,Newcastle United,4-4-1-1,12;22 6 20 3;11 8 10 15;17;9
22638,Southampton,4-2-3-1,13;2 5 6 21;23 18;16 11 22;9
22639,Stoke City,4-3-3,1;2 6 15 21;4 20 27;22 11 10
22639,Manchester City,4-3-3,31;2 4 30 35;17 25 21;7 33 19
22640,West Bromwich Albion,4-3-3,1;2 25 26 3;20 8 11;17 9 10
22640,Leicester City,4-2-3-1,1;2 5 15 3;21 25;26 20 7;9
22641,West Ham United,3-4-2-1,25;19 21 3;5 8 16 30;18 10;7
22641,Burnley,4-4-1-1,29;2 5 6 23;25 18 4 17;13;10
22642,AFC Bournemouth,4-4-1-1,27;2 3 5 15;33 16 4 19;17;13
22642,West Bromwich Albion,3-5-2,1;25 6 26;2 8 5 11 3;19 9
22643,Burnley,4-4-2,29;2 28 5 23;25 4 18 17;10 11
22643,Chelsea,3-5-2,13;28 24 2;15 11 7 14 33;9 18
22644,Huddersfield Town,4-2-3-1,1;33 25 26 3;6 10;23 21 22;24
22644,Crystal Palace,4-3-3,13;29 5 12 3;18 4 15;10 17 11
22645,Leicester City,4-4-2,17;2 5 15 28;26 38 14 33;9 8
22645,Arsenal,4-3-3,33;30 16 27 31;17 29 8;7 14 23
22646,Liverpool,4-3-3,1;12 32 4 26;23 14 5;11 9 19
22646,Watford,3-4-3,30;6 5 3;21 16 29 25;37 9 11
22647,Manchester City,4-3-3,1;3 4 14 35;25 42 8;20 33 19
22647,Brighton and Hove Albion,4-3-2-1,1;2 22 5 3;13 6 24;11 19;16
22648,Stoke City,4-3-3,1;8 17 6 21;27 4 16;22 25 32
22648,Everton,4-2-3-1,1;23 6 4 3;10 17;11 26 7;14
22649,Swansea City,3-4-2-1,1;26 33 6;52 4 24 16;19 17;18
22649,Southampton,3-4-2-1,13;35 5 6;2 23 14 21;11 22;10
22650,Tottenham Hotspur,4-2-3-1,1;2 6 5 33;17 12;23 20 7;10
22650,Newcastle United,4-2-3-1,12;22 6 20 3;10 8;11 17 15;9
22651,West Ham United,3-4-2-1,13;41 21 3;5 8 16 26;18 10;7
22651,Manchester United,5-3-2,1;25 2 12 4 23;39 21 6;14 7
22652,Arsenal,4-2-3-1,13;24 20 21 18;35 8;11 10 23;14
22652,Stoke City,4-4-1-1,1;8 17 15 3;2 4 27 32;22;18
22653,Brighton and Hove Albion,4-1-4-1,1;21 22 5 3;24;25 13 7 19;17
22653,Leicester City,4-4-1-1,1;2 5 15 3;26 25 21 11;20;9
22654,Chelsea,3-4-2-1,1;28 27 2;15 4 7 3;22 10;9
22654,Tottenham Hotspur,4-2-3-1,1;2 6 5 33;15 19;11 20 23;7
22655,Crystal Palace,4-3-3,13;29 34 12 3;7 4 18;10 17 11
22655,Liverpool,4-3-3,1;66 32 4 26;5 14 7;11 9 19
22656,Everton,4-2-3-1,1;23 6 4 3;10 2;11 29 7;14
22656,Manchester City,3-5-2,31;30 4 14;2 17 25 21 19;7 33
22657,Manchester United,4-2-3-1,1;25 12 2 18;6 31;8 14 7;9
22657,Swansea City,5-4-1,1;26 5 33 6 16;12 24 4 17;19
22658,Newcastle United,4-4-1-1,12;22 6 20 3;11 8 10 15;17;9
22658,Huddersfield Town,4-4-2,1;2 25 26 5;9 6 10 17;20 21
22659,Southampton,4-2-3-1,44;2 5 3 21;14 18;11 8 22;20
22659,West Ham United,4-2-3-1,25;5 4 21 3;41 16;30 20 7;17
22660,Watford,4-2-3-1,30;2 5 6 25;16 29;21 19 37;9
22660,AFC Bournemouth,4-4-1-1,27;24 3 5 11;33 16 4 19;17;13
22661,West Bromwich Albion,3-5-2,1;25 6 26;2 8 5 11 3;19 9
22661,Burnley,4-4-2,29;2 5 6 23;25 18 4 7;10 11
22662,Arsenal,4-2-3-1,33;24 20 21 31;35 29;61 17 23;14
22662,Southampton,3-4-2-1,13;5 3 6;2 14 23 21;16 11;7
22663,AFC Bournemouth,4-4-1-1,27;2 3 5 11;24 16 4 7;18;13
22663,Crystal Palace,4-4-2,13;29 5 12 3;18 7 4 8;11 10
22664,Brighton and Hove Albion,4-4-1-1,1;21 22 5 3;20 6 24 19;13;17
22664,Huddersfield Town,4-4-1-1,1;33 25 26 5;22 6 10 17;21;24
22665,Chelsea,3-4-2-1,13;28 24 2;15 4 7 3;22 10;9
22665,West Ham United,3-4-2-1,25;41 21 3;5 8 16 26;31 18;7
22666,Everton,4-3-3,1;23 6 4 3;10 2 26;11 14 7
22666,Liverpool,4-3-3,1;2 6 4 17;5 14 7;28 29 19
22667,Leicester City,4-2-3-1,1;2 5 15 3;14 21;26 33 11;9
22667,Newcastle United,4-4-1-1,12;22 6 20 3;11 10 8 15;17;9
22668,Manchester City,4-3-3,31;3 4 30 18;8 25 21;7 20 19
22668,Manchester United,4-3-3,1;25 3 12 18;21 31 6;14 9 7
22669,Stoke City,4-4-1-1,1;8 17 15 3;2 4 27 32;22;18
22669,Tottenham Hotspur,4-2-3-1,1;24 6 5 3;12 19;23 20 7;10
22670,Watford,4-2-3-1,30;2 5 6 25;16 29;21 19 37;9
22670,Burnley,4-4-2,29;2 28 5 23;25 4 18 7;10 11
22671,West Bromwich Albion,4-4-2,1;2 25 26 3;10 8 11 14;9 19
22671,Swansea City,5-4-1,1;26 5 33 6 16;19 24 14 17;10
22672,Burnley,4-4-2,29;2 28 5 23;25 4 18 17;10 11
22672,Leicester City,4-4-1-1,1;2 5 15 3;26 38 14 7;20;9
22673,Crystal Palace,4-4-2,13;2 5 12 3;18 7 4 8;11 10
22673,Brighton and Hove Albion,4-3-3,1;21 22 5 3;13 7 6;19 17 25
22674,Huddersfield Town,4-2-3-1,1;33 25 26 5;6 10;23 21 17;24
22674,Watford,4-2-3-1,30;2 5 15 6;29 16;21 19 37;9
22675,Liverpool,4-3-3,1;66 6 4 26;21 14 5;11 9 19
22675,AFC Bournemouth,5-4-1,27;24 2 3 5 11;33 16 4 17;18
22676,Manchester United,4-3-3,1;25 12 2 18;21 31 6;8 9 7
22676,West Bromwich Albion,4-4-1-1,1;2 25 26 3;10 8 11 14;19;9
22677,Newcastle United,4-4-1-1,12;22 6 20 3;11 10 8 15;17;9
22677,Arsenal,4-3-3,33;21 20 16 18;35 29 69;17 9 14
22678,Southampton,3-4-2-1,13;35 3 6;2 14 23 21;16 11;7
22678,Chelsea,3-4-2-1,13;28 27 24;21 4 7 3;22 10;9
22679,Swansea City,4-4-2,1;26 33 6 16;11 4 24 14;19 18
22679,Everton,4-2-3-1,1;23 6 4 3;2 17;11 10 7;14
22680,Tottenham Hotspur,4-2-3-1,1;2 6 5 33;19 15;11 23 20;10
22680,Manchester City,4-3-3,31;2 4 14 18;17 8 21;7 33 19
22681,West Ham United,3-4-2-1,25;41 21 3;5 16 8 26;31 18;7
22681,Stoke City,4-4-1-1,1;6 17 15 3;2 4 27 32;22;18
22682,Arsenal,4-3-3,13;24 20 6 18;35 29 8;17 9 23
22682,West Ham United,3-4-2-1,25;41 21 3;5 8 16 26;31 18;7
22683,AFC Bournemouth,4-4-1-1,27;2 3 5 11;33 16 6 24;17;13
22683,Manchester United,4-3-3,1;36 12 4 23;27 21 6;14 19 11
22684,Brighton and Hove Albion,4-4-1-1,1;2 22 5 3;11 6 7 19;13;17
22684,Tottenham Hotspur,4-2-3-1,1;24 4 5 33;17 12;27 23 7;10
22685,Chelsea,3-4-2-1,1;28 27 2;21 4 7 3;22 11;9
22685,Huddersfield Town,5-3-2,1;2 25 26 5 15;10 6 8;17 20
22686,Everton,4-3-3,1;23 6 4 3;17 2 10;11 14 7
22686,Newcastle United,4-4-1-1,12;22 6 20 3;11 8 10 15;17;13
22687,Leicester City,4-4-1-1,12;11 16 15 3;26 14 25 7;8;9
22687,Southampton,3-4-2-1,13;35 3 6;2 14 23 21;16 11;7
22688,Manchester City,4-3-3,31;3 4 14 18;17 8 21;20 33 7
22688,Swansea City,5-4-1,1;26 5 33 6 16;19 24 4 14;18
22689,Stoke City,4-4-2,1;8 17 15 3;22 4 27 2;18 25
22689,Burnley,4-4-2,29;2 28 5 23;25 4 18 17;11 10
22690,Watford,4-4-2,30;6 15 27 25;19 16 29 37;9 33
22690,Crystal Palace,4-4-2,13;2 5 12 3;18 4 7 8;10 11
22691,West Bromwich Albion,4-4-1-1,1;2 25 26 3;10 8 11 14;19;9
22691,Liverpool,4-3-3,1;12 4 17 18;5 14 7;11 28 19
22692,Burnley,4-4-2,29;2 28 5 23;25 4 18 17;11 10
22692,Brighton and Hove Albion,4-4-1-1,1;2 22 5 3;11 7 6 19;13;16
22693,Crystal Palace,4-4-2,13;2 5 12 3;18 4 7 8;10 11
22693,Leicester City,4-4-1-1,12;11 5 15 3;26 38 25 7;8;9
22694,Huddersfield Town,4-2-3-1,1;33 25 26 5;6 10;23 21 17;24
22694,Everton,4-2-3-1,1;23 6 4 3;17 2;27 10 11;14
22695,Liverpool,4-3-3,1;12 4 17 18;66 14 5;11 9 28
22695,Stoke City,4-4-2,1;6 17 15 3;22 4 27 2;18 25
22696,Manchester United,4-3-3,1;25 12 2 18;21 31 6;14 9 7
22696,Arsenal,4-2-3-1,13;24 21 27 31;30 29;7 17 61;14
22697,Newcastle United,4-4-1-1,12;22 6 20 3;11 10 8 15;17;9
22697,West Bromwich Albion,4-4-1-1,1;2 25 26 3;10 8 11 14;19;9
22698,Southampton,3-4-3,13;35 3 6;2 14 18 21;11 10 22
22698,AFC Bournemouth,3-4-3,27;2 3 5;24 16 4 11;31 13 17
22699,Swansea City,3-4-2-1,1;26 5 6;52 4 24 16;19 17;18
22699,Chelsea,3-5-1-1,13;28 24 2;15 4 7 14 33;10;18
22700,Tottenham Hotspur,4-2-3-1,1;2 6 5 33;15 19;23 20 7;10
22700,Watford,4-2-3-1,30;6 15 27 25;29 16;21 19 11;18
22701,West Ham United,3-5-1-1,13;41 21 27;5 8 16 31 3;10;7
22701,Manchester City,4-3-3,31;2 30 14 18;17 25 8;7 33 19
22702,Arsenal,4-3-3,33;24 21 27 31;17 29 10;7 9 14
22702,Burnley,4-4-1-1,29;2 28 5 23;25 4 18 17;13;10
22703,AFC Bournemouth,3-4-3,27;2 3 5;24 16 6 11;17 13 7
22703,Swansea City,3-4-2-1,1;5 33 6;52 4 14 16;12 18;19
22704,Brighton and Hove Albion,4-3-3,1;2 22 5 3;13 6 24;11 17 19
22704,Manchester United,4-3-3,1;36 12 5 18;27 31 6;8 19 11
22705,Chelsea,3-5-1-1,13;28 24 2;15 4 7 14 3;10;18
22705,Liverpool,4-3-3,1;2 6 4 26;66 5 7;11 9 19
22706,Everton,4-2-3-1,1;23 6 4 3;17 2;7 26 27;14
22706,Southampton,3-4-2-1,13;35 3 6;2 14 23 21;11 18;10
22707,Leicester City,4-4-1-1,12;29 5 15 28;26 38 21 33;14;9
22707,West Ham United,3-4-2-1,13;41 21 3;5 8 16 26;18 10;7
22708,Manchester City,4-3-3,31;2 5 30 18;17 25 21;7 33 19
22708,Huddersfield Town,5-3-2,1;2 25 26 5 15;33 6 10;24 21
22709,Stoke City,4-4-2,1;8 17 6 3;22 4 27 2;18 25
22709,Crystal Palace,4-4-2,13;2 5 12 3;18 7 4 8;10 11
22710,Watford,4-4-2,30;2 15 27 25;19 16 29 37;18 9
22710,Newcastle United,4-4-1-1,12;19 6 20 3;7 10 8 15;17;9
22711,West Bromwich Albion,4-4-1-1,1;2 25 26 3;10 8 11 14;19;9
22711,Tottenham Hotspur,3-4-2-1,1;4 6 5;2 23 12 3;11 20;10
22712,Burnley,4-4-1-1,29;2 28 5 23;25 4 18 17;13;11
22712,AFC Bournemouth,3-4-2-1,27;3 5 26;24 22 6 11;33 31;17
22713,Crystal Palace,4-4-2,13;29 5 12 3;18 7 4 8;10 11
22713,West Bromwich Albion,4-4-1-1,1;2 25 26 3;19 8 11 14;20;9
22714,Huddersfield Town,5-3-2,1;33 25 26 5 15;10 6 22;21 24
22714,Arsenal,4-3-3,13;24 20 16 31;17 29 8;7 9 14
22715,Liverpool,4-4-1-1,1;66 6 4 26;11 14 5 19;9;29
22715,Brighton and Hove Albion,4-2-3-1,1;21 22 5 3;6 24;11 7 20;25
22716,Manchester United,4-3-3,20;36 3 5 18;39 16 17;8 19 7
22716,Watford,4-1-4-1,1;2 15 27 25;16;7 19 37 11;18
22717,Newcastle United,4-2-3-1,12;22 6 20 3;8 10;11 17 7;9
22717,Chelsea,3-5-1-1,13;28 27 24;15 8 7 14 33;10;18
22718,Southampton,5-4-1,13;2 5 3 6 21;11 23 14 22;10
22718,Manchester City,4-3-3,1;3 5 14 18;17 25 8;20 7 19
22719,Swansea City,4-4-2,1;22 5 6 16;12 24 14 15;19 18
22719,Stoke City,4-3-3,1;2 17 6 3;4 55 27;22 25 18
22720,Tottenham Hotspur,4-2-3-1,1;37 4 15 3;17 12;11 23 27;10
22720,Leicester City,4-2-3-1,17;2 5 15 28;14 21;26 8 7;9
22721,West Ham United,3-4-2-1,13;41 21 3;5 8 16 26;18 10;7
22721,Everton,3-1-4-2,1;4 6 25;2;23 26 17 3;14 19
